<?xml version="1.0" encoding="utf-8"?>
<presets
    xmlns="http://josm.openstreetmap.de/tagging-preset-1.0"
    version="2025-04-22.04"
    author="Steglitz"
    description="Street lamps and public lighting."
    shortdescription="Street Lighting">

    <group name="street_lamps" icon="street_lamp.svg">
        <item name="Street Lamps" icon="/img/street_lamp.svg"
              type="node"
              preset_name_label="true">
            <link href="https://wiki.openstreetmap.org/wiki/Tag:highway%3Dstreet_lamp" />
            <space />
            <key key="highway" value="street_lamp" />

            <!-- Lamp Attributes -->
            <label text="Lamp Specific Attributes" />
            <!-- Lamp Types -->
            <combo key="lamp_type" text="Lamp Type"
                   values="led,incandescent,halogen,sodium,gaslight,solar_lamp"
                   display_values="LED,Incandescent,Halogen,Sodium,Gaslight,Solar Lamp"
                   values_context="lamp_type" match="key" values_sort="false"/>

            <!-- Light Shape -->
            <combo key="light:shape" text="Lamp Shape"
                   values_context="light:shape" match="key">
                <list_entry value="directed" display_value="Directed"
                            short_description="Emits light in a specific direction" />
                <list_entry value="spherical" display_value="Spherical"
                            short_description="A sphere that emits light in all directions (usually implies absence of light:direction)." />
                <list_entry value="cylindrical" display_value="Cylindrical"
                            short_description="A lamp that shines light in all horizontal directions" />
            </combo>

            <!-- Light:direction -->
            <!-- Single Lamp Option with compass selector -->
            <combo key="direction" text="Lamp Direction (Compass Bearing)"
                   short_description="The numerical map direction the light is pointing (0=north, 90=east, etc.). Use semicolons for multiple lamps (e.g. direction=70;250)"
                   values="N,E,S,W,0,90,180,270"
                   display_values="North,East,South,West,0°,90°,180°,270°" values_sort="false" value_type="cardinal_direction"/>

            <label text="For multiple directions, edit the tag manually (e.g. 45;250)." />

            <space/>
            <!-- Lamp Tilt -->
            <text key="light:tilt"
                  text="Vertical Lamp Tilt (-90 to 90)"
                  inputType="number"
                  short_description="The vertical tilt of the light (e.g., -90 means the light is facing the ground, 0 is facing outward.)" />

            <!-- Lamp count -->
            <text key="light:count" text="Light Count" value_type="integer"/>

            <!-- Illumination time/method -->
            <combo key="light:lit" text="Illumination times"
                   values_context="lamp:lit"  match="key">
                <list_entry value="24/7" display_value="24/7"
                            short_description="" />
                <list_entry value="dusk-dawn" display_value="From dusk till dawn"
                            short_description="Automatic based on clock or outdoor brightness sensed at some central location." />
                <list_entry value="motion" display_value="Motion based"
                            short_description="Controlled by a motion sensor" />
                <list_entry value="demand" display_value="Manually operated"
                            short_description="Manually operated." />
            </combo>

            <!-- Lamp Height -->
            <text key="height" text="Lamp Height (meters)" />

            <!-- Support Structures and Shape -->
            <space />
            <label text="Lamp Support and Mounting" />
            <!-- Support -->
            <link href="https://wiki.openstreetmap.org/wiki/Key:support"/>
            <combo key="support" text="Support Type"
                   values_context="support" match="key" values_sort="false">
                <list_entry value="pole" display_value="Pole"
                            short_description="Most commonly a wooden/metal pole, almost always higher than 2 meters." />
                <list_entry value="wall" display_value="Wall (Directly attached without mount)"
                            short_description="Direct attachment to a wall." />
                <list_entry value="wall_mounted"
                            display_value="Wall Mounted (with metal bar or other mount)"
                            short_description="Attached to a wall by way of a metal bar (or other construction)." />
                <list_entry value="wire" display_value="Wire"
                            short_description="Suspended over the road etc. and held by wires/cables, the latter of which are attached somewhere (poles/walls)." />
                <list_entry value="ceiling" display_value="Ceiling (e.g., tunnels or building entrances"
                            short_description="Direct attachment to a ceiling (common locations: tunnels)." />
                <list_entry value="ground" display_value="Ground (e.g., event venues or parks)"
                            short_description="The lamp is in a fixture installed right in the ground (common locations: event venues or parks)." />
                <list_entry value="pedestal" display_value="Pedestal"
                            short_description="Something like a bollard, rarely larger than 1.5 meter." />
            </combo>

            <!-- Lamp Mount -->
            <link href="https://wiki.openstreetmap.org/wiki/Key:lamp_mount"/>
            <combo key="lamp_mount" text="Mounted on" values_searchable="true" editable="false"
                   values_context="lamp_mount" match="key" values_sort="false">
                <list_entry value="straight_mast" display_value="Straight Mast"
                            short_description="The light sits atop a (straight) mast."
                            icon="img/straight_mast.png"
                            />
                <list_entry value="bent_mast" display_value="Bent Mast"
                            short_description="The light is at the end of a bent mast."
                            icon="bent_mast.png"
                            />
                <list_entry value="angled_mast" display_value="Angled Mast (usually 90°)"
                            short_description="A pole that starts out straight but then is (usually 90°) angled."
                            icon="/img/angled_mast.png"
                            />
                <list_entry value="high_mast" display_value="High Mast (greater than 30m)"
                            short_description="A tall pole (greater than 30 m) with lighting mounted at the top."
                            icon="./img/high_mast.png"
                            />
                <list_entry value="suspended" display_value="Suspended"
                            short_description="The light is suspended over the street by a wire."
                            icon="suspended_light.png"
                            />
                <list_entry value="wall" display_value="Wall"
                            short_description="The light is attached to a wall."
                            icon="wall_mounted_light.png"
                            />
            </combo>

            <!-- Extra Tags -->
            <space />
            <label text="Reference ID (if present)" />
            <!-- Reference ID -->
            <text key="ref" text="Ref ID" />
        </item>
    </group>
</presets>