<?xml version="1.0" encoding="utf-8"?>
<presets
    xmlns="http://josm.openstreetmap.de/tagging-preset-1.0"
    version="2025-04-19.03"
    author="Steglitz"
    icon="img/street_lamp.svg"
    description="Street lamps and public lighting."
    shortdescription="Street Lighting"
>

    <combo name="Street Lamp" icon="img/street_lamp.svg" type="node" preset_name_label="true">
        <link wiki="Tag:highway=street_lamp" />
        <space />
        <key key="highway" value="street_lamp" />

    <!-- Lamp Attributes -->

    <!-- Lamp Types -->
    <combo key="lamp_type" text="Lamp Type"
           values="led,incandescent,halogen,gaslight,sodium,solar_lamp"
           values_context="lamp_type" match="key" />

    <!-- Light Shape -->
    <combo key="light:shape" text="Light Shape"
           values_context="light:shape" match="key">
        <list_entry value="directed" display_value="Directed"
                    short_description="Emits light in a specific direction" />
        <list_entry value="spherical" display_value="Spherical"
                    short_description="A sphere that emits light in all directions (usually implies absence of light:direction" />
        <list_entry value="cylindrical" display_value="Cylindrical"
                    short_description="A lamp that shines light in all horizontal directions" />
    </combo>

    <!-- Light:direction -->
    <combo key="direction" text="Direction (Horizontal)"
           values="N,E,S,W,0,90,180,270,forward,backward"
           short_description="Numerical map direction, assuming there's a single light (0=north, 90=east, etc.) the light points to. If there are 2 lamps on the one pole, they can be tagged as e.g. 70;250 "
           values_sort="false" />

    <!-- Lamp Tilt -->
    <text key="light:tilt"
          text="Direction (Vertical)"
          short_description="The tilt of the light (-90 means the light is facing the ground." />

    <!-- Lamp count -->
    <combo key="light:count" text="Light Count"
           values=""
           values_context="lamp:count"  match="key"/>

    <!-- Illumination time/method -->
    <combo key="light:lit" text="Illumination times"
           values="24/7, dusk-dawn, motion, demand"
           values_context="lamp:lit"  match="key">
        <list_entry value="24/7" display_value="24/7"
                    short_description="" />
        <list_entry value="dusk-dawn" display_value="Dusk-dawn"
                    short_description="Automatic based on clock or outdoor brightness sensed at some central location" />
        <list_entry value="motion" display_value="motion"
                    short_description="Controlled by a motion sensor" />
        <list_entry value="demand" display_value="Manually Operated"
                    short_description="Manually operated." />
        <list_entry value="opening_hours" display_value="Custom"
                    short_description="Use opening Hours syntax for custom lighting times." />
    </combo>

    <!-- Lamp Height -->
    <text key="height" text="Height (meters)" />

    <!-- Support Structures and Shape -->

    <!-- Support -->
    <combo key="support" text="Support Type"
           values_context="support" match="key" >
        <list_entry value="pole" display_value="Pole"
                    short_description="Most commonly a wooden/metal pole, almost always higher than 2 meters." />
        <list_entry value="wall" display_value="Wall"
                    short_description="Direct attachment to a wall." />
        <list_entry value="wall_mounted" display_value="Wall Mounted"
                    short_description="Attached to a wall by way of a metal bar (or other construction)." />
        <list_entry value="wire" display_value="Wire"
                    short_description="Suspended over the road etc. and held by wires/cables, the latter of which are attached somewhere (poles/walls)." />
        <list_entry value="ground" display_value="Ground"
                    short_description="TThe lamp is in a fixture installed right in the ground (common locations: event venues or parks)." />
        <list_entry value="ceiling" display_value="Ceiling"
                    short_description="Direct attachment to a ceiling (common locations: tunnels)." />
        <list_entry value="pedestal" display_value="Pedestal"
                    short_description="Something like a bollard, rarely larger than 1.5 meter." />
    </combo>

    <!-- Lamp Mount -->
    <combo key="lamp_mount" text="Mounted on"
           values_context="lamp_mount" match="key">
        <list_entry value="straight_mast" display_value="Straight Mast"
                    short_description="The light sits atop a (straight) mast." />
        <list_entry value="bent_mast" display_value="Bent Mast"
                    short_description="The light is at the end of a bent mast." />
        <list_entry value="angled_mast" display_value="Angled Mast"
                    short_description="A pole that starts out straight but then is (usually 90°) angled." />
        <list_entry value="high_mast" display_value="High Mast"
                    short_description="A tall pole (greater than 30 m) with lighting mounted at the top." />
        <list_entry value="suspended" display_value="Suspended"
                    short_description="The light is suspended over the street by a wire." />
        <list_entry value="wall" display_value="Wall"
                    short_description="The light is attached to a wall." />
    </combo>

    <!-- Reference ID -->
    <text key="ref" text="Reference ID" />
</presets>